{"users":[{"date":"2024-03-25","password":"password1","amount":1000.5,"type":"Income","category":"Salary","username":"user1"},{"date":"2024-03-20","password":"password2","amount":150.75,"type":"Expenses","category":"Food","username":"user2"},{"date":"2028-08-22","password":"12345","amount":"120.12","type":"Income","category":"Freelance","username":"test123"},{"date":"2027-12-22","password":"temppass","amount":"120.75","type":"Expenses","category":"Transpo","username":"test1"},{"date":"2025-02-12","password":"123","amount":"102.45","type":"Expenses","category":"Salary","username":"daveey22"},{"date":"2024-12-22","password":"12345","amount":"2208.15","type":"Expenses","category":"Salary","username":"dave22"},{"date":"2025-04-12","password":"12345","amount":"152.41","type":"Income","category":"Salary","username":"uic12"},{"date":"2025-06-12","password":"12345","amount":"150.56","type":"Expenses","category":"Transpo","username":"lulabbuang"},{"date":"2024-06-30","password":"123456","amount":"125.14","type":"Income","category":"Transpo","username":"testingDave"},{"date":"2025-02-04","password":"12345","amount":"1423.25","type":"Expenses","category":"Salary","username":"zielcute"},{"date":"2025-03-22","password":"12345","amount":"170.50","type":"Expenses","category":"Transpo","username":"kiyangom"},{"date":"2025-08-22","password":"12345","amount":"160.47","type":"Income","category":"Freelance","username":"user22"},{"date":"2025-10-01","password":"12345","amount":"2463.12","type":"Income","category":"Salary","username":"user12"},{"date":"2025-07-07","password":"12345","amount":"7560.52","type":"Expenses","category":"Salary","username":"user07"},{"date":"1970-12-19","password":"12345","amount":"2412.15","type":"Income","category":"Transpo","username":"user11"},{"date":"1970-12-19","password":"12345","amount":"256.26","type":"Income","category":"Salary","username":"user19"},{"date":"1970-09-11","password":"12345","amount":"1600.65","type":"Income","category":"Freelance","username":"user20"},{"date":"2026-05-22","password":"12345","amount":"1696.21","type":"Income","category":"Freelance","username":"user21"},{"date":"2025-08-22","password":"12345","amount":"163.36","type":"Income","category":"Salary","username":"TestingUser"},{"date":"2025-07-07","password":"12345","amount":"1696.25","type":"Expenses","category":"Food","username":"user32"},{"date":"2025-11-11","password":"12345","amount":"156.25","type":"Expenses","category":"Food","username":"user18"}],"goals":[{"goalname":"Car","deadline":"2026-08-22","targetamount":"20000"},{"goalname":"Cars2","deadline":"2026-08-12","targetamount":"2000"},{"goalname":"carshow","deadline":"2024-08-22","targetamount":"100000"},{"goalname":"MAgpabuang","deadline":"2029-08-22","targetamount":"150000"}]}